Player,Team,Number,Position,Height,Weight,Last Attended,Country,scraped_at,source,page
Precious Achiuwa,SAC,9,F,6-8,243 lbs,Memphis,Nigeria,2026-01-10T14:08:25.375422+00:00,https://www.nba.com/players,1
Steven Adams,HOU,12,C,6-11,265 lbs,Pittsburgh,New Zealand,2026-01-10T14:08:25.381660+00:00,https://www.nba.com/players,1
Bam Adebayo,MIA,13,C-F,6-9,255 lbs,Kentucky,USA,2026-01-10T14:08:25.381660+00:00,https://www.nba.com/players,1
Ochai Agbaji,TOR,30,G,6-5,215 lbs,Kansas,USA,2026-01-10T14:08:25.381660+00:00,https://www.nba.com/players,1
Santi Aldama,MEM,7,F-C,7-0,215 lbs,Loyola-Maryland,Spain,2026-01-10T14:08:25.381660+00:00,https://www.nba.com/players,1
Trey Alexander,NOP,23,G,6-5,185 lbs,Creighton,USA,2026-01-10T14:08:25.381660+00:00,https://www.nba.com/players,1
Nickeil Alexander-Walker,ATL,7,G,6-5,205 lbs,Virginia Tech,Canada,2026-01-10T14:08:25.381660+00:00,https://www.nba.com/players,1
Grayson Allen,PHX,8,G,6-3,198 lbs,Duke,USA,2026-01-10T14:08:25.381660+00:00,https://www.nba.com/players,1
Jarrett Allen,CLE,31,C,6-9,243 lbs,Texas,USA,2026-01-10T14:08:25.381660+00:00,https://www.nba.com/players,1
Jose Alvarado,NOP,15,G,6-0,179 lbs,Georgia Tech,USA,2026-01-10T14:08:25.381660+00:00,https://www.nba.com/players,1
Kyle Anderson,UTA,2,F-G,6-8,230 lbs,UCLA,USA,2026-01-10T14:08:25.381660+00:00,https://www.nba.com/players,1
Alex Antetokounmpo,MIL,29,F,6-8,214 lbs,,Greece,2026-01-10T14:08:25.381660+00:00,https://www.nba.com/players,1
Giannis Antetokounmpo,MIL,34,F,6-11,243 lbs,Filathlitikos,Greece,2026-01-10T14:08:25.381660+00:00,https://www.nba.com/players,1
Thanasis Antetokounmpo,MIL,43,F,6-7,219 lbs,Panathinaikos,Greece,2026-01-10T14:08:25.381660+00:00,https://www.nba.com/players,1
Cole Anthony,MIL,50,G,6-2,185 lbs,North Carolina,USA,2026-01-10T14:08:25.384184+00:00,https://www.nba.com/players,1
OG Anunoby,NYK,8,F-G,6-7,240 lbs,Indiana,United Kingdom,2026-01-10T14:08:25.384184+00:00,https://www.nba.com/players,1
Deni Avdija,POR,8,F,6-8,228 lbs,Maccabi Tel Aviv,Israel,2026-01-10T14:08:25.384184+00:00,https://www.nba.com/players,1
Deandre Ayton,LAL,5,C,7-0,252 lbs,Arizona,Bahamas,2026-01-10T14:08:25.384184+00:00,https://www.nba.com/players,1
Marvin Bagley III,WAS,35,F,6-10,235 lbs,Duke,USA,2026-01-10T14:08:25.384184+00:00,https://www.nba.com/players,1
Ace Bailey,UTA,19,F,6-9,200 lbs,Rutgers,USA,2026-01-10T14:08:25.384184+00:00,https://www.nba.com/players,1
LaMelo Ball,CHA,1,G,6-7,180 lbs,Illawarra,USA,2026-01-10T14:08:25.384184+00:00,https://www.nba.com/players,1
Lonzo Ball,CLE,2,G,6-5,190 lbs,UCLA,USA,2026-01-10T14:08:25.384184+00:00,https://www.nba.com/players,1
Mo Bamba,,,C,7-0,231 lbs,Texas,USA,2026-01-10T14:08:25.384184+00:00,https://www.nba.com/players,1
Paolo Banchero,ORL,5,F,6-10,250 lbs,Duke,USA,2026-01-10T14:08:25.384184+00:00,https://www.nba.com/players,1
Desmond Bane,ORL,3,G,6-6,215 lbs,TCU,USA,2026-01-10T14:08:25.384184+00:00,https://www.nba.com/players,1
Dominick Barlow,PHI,25,F,6-9,215 lbs,Overtime Elite,USA,2026-01-10T14:08:25.384184+00:00,https://www.nba.com/players,1
Harrison Barnes,SAS,40,F,6-7,225 lbs,North Carolina,USA,2026-01-10T14:08:25.384184+00:00,https://www.nba.com/players,1
Scottie Barnes,TOR,4,F-G,6-8,237 lbs,Florida State,USA,2026-01-10T14:08:25.384184+00:00,https://www.nba.com/players,1
Brooks Barnhizer,OKC,23,G,6-5,230 lbs,Northwestern,USA,2026-01-10T14:08:25.384184+00:00,https://www.nba.com/players,1
RJ Barrett,TOR,9,F-G,6-6,214 lbs,Duke,Canada,2026-01-10T14:08:25.384184+00:00,https://www.nba.com/players,1
Charles Bassey,,,C-F,6-10,230 lbs,Western Kentucky,Nigeria,2026-01-10T14:08:25.384184+00:00,https://www.nba.com/players,1
Tamar Bates,DEN,7,G,6-4,195 lbs,Missouri,USA,2026-01-10T14:08:25.384184+00:00,https://www.nba.com/players,1
Jamison Battle,TOR,77,F,6-7,220 lbs,Ohio State,USA,2026-01-10T14:08:25.384184+00:00,https://www.nba.com/players,1
Nicolas Batum,LAC,33,G-F,6-7,230 lbs,Le Mans,France,2026-01-10T14:08:25.384184+00:00,https://www.nba.com/players,1
Bradley Beal,LAC,0,G,6-4,207 lbs,Florida,USA,2026-01-10T14:08:25.384184+00:00,https://www.nba.com/players,1
MarJon Beauchamp,PHI,0,F,6-7,199 lbs,NBA G League Ignite,USA,2026-01-10T14:08:25.384184+00:00,https://www.nba.com/players,1
Joan Beringer,MIN,19,F,6-11,230 lbs,-,France,2026-01-10T14:08:25.384184+00:00,https://www.nba.com/players,1
Saddiq Bey,NOP,41,G-F,6-8,215 lbs,Villanova,USA,2026-01-10T14:08:25.384184+00:00,https://www.nba.com/players,1
Goga Bitadze,ORL,35,C-F,6-11,250 lbs,Mega Basket,Georgia,2026-01-10T14:08:25.384184+00:00,https://www.nba.com/players,1
Bismack Biyombo,SAS,18,C,6-8,255 lbs,Baloncesto Fuenlabrada,DRC,2026-01-10T14:08:25.384184+00:00,https://www.nba.com/players,1
Anthony Black,ORL,0,G,6-7,200 lbs,Arkansas,USA,2026-01-10T14:08:25.384184+00:00,https://www.nba.com/players,1
Bogdan Bogdanović,LAC,10,G,6-5,225 lbs,Fenerbahce,Serbia,2026-01-10T14:08:25.384184+00:00,https://www.nba.com/players,1
Adem Bona,PHI,30,F,6-10,235 lbs,UCLA,Nigeria,2026-01-10T14:08:25.384184+00:00,https://www.nba.com/players,1
Devin Booker,PHX,1,G,6-5,206 lbs,Kentucky,USA,2026-01-10T14:08:25.384184+00:00,https://www.nba.com/players,1
Chris Boucher,BOS,99,F,6-8,200 lbs,Oregon,Saint Lucia,2026-01-10T14:08:25.384184+00:00,https://www.nba.com/players,1
Jamaree Bouyea,PHX,17,G,6-2,180 lbs,San Francisco,USA,2026-01-10T14:08:25.384184+00:00,https://www.nba.com/players,1
Tony Bradley,IND,13,C-F,6-10,248 lbs,North Carolina,USA,2026-01-10T14:08:25.384184+00:00,https://www.nba.com/players,1
Malaki Branham,WAS,8,F,6-4,180 lbs,Ohio State,USA,2026-01-10T14:08:25.384184+00:00,https://www.nba.com/players,1
Christian Braun,DEN,0,G,6-6,220 lbs,Kansas,USA,2026-01-10T14:08:25.384184+00:00,https://www.nba.com/players,1
Koby Brea,PHX,14,G,6-5,215 lbs,Kentucky,USA,2026-01-10T14:08:25.384184+00:00,https://www.nba.com/players,1
Mikal Bridges,NYK,25,G-F,6-6,209 lbs,Villanova,USA,2026-01-10T14:08:27.713595+00:00,https://www.nba.com/players,2
Miles Bridges,CHA,0,F,6-7,225 lbs,Michigan State,USA,2026-01-10T14:08:27.713595+00:00,https://www.nba.com/players,2
Dillon Brooks,PHX,3,G-F,6-7,225 lbs,Oregon,Canada,2026-01-10T14:08:27.713595+00:00,https://www.nba.com/players,2
Johni Broome,PHI,22,F,6-10,235 lbs,Auburn,USA,2026-01-10T14:08:27.713595+00:00,https://www.nba.com/players,2
Bruce Brown,DEN,11,G-F,6-4,202 lbs,Miami,USA,2026-01-10T14:08:27.713595+00:00,https://www.nba.com/players,2
Jaylen Brown,BOS,7,G-F,6-6,223 lbs,California,USA,2026-01-10T14:08:27.713595+00:00,https://www.nba.com/players,2
Kobe Brown,LAC,24,F,6-7,250 lbs,Missouri,USA,2026-01-10T14:08:27.713595+00:00,https://www.nba.com/players,2
Jalen Brunson,NYK,11,G,6-2,190 lbs,Villanova,USA,2026-01-10T14:08:27.713595+00:00,https://www.nba.com/players,2
Carter Bryant,SAS,11,F,6-6,220 lbs,Arizona,USA,2026-01-10T14:08:27.713595+00:00,https://www.nba.com/players,2
Thomas Bryant,CLE,3,C-F,6-9,248 lbs,Indiana,USA,2026-01-10T14:08:27.713595+00:00,https://www.nba.com/players,2
Jimmy Butler III,GSW,10,F,6-6,230 lbs,Marquette,USA,2026-01-10T14:08:27.713595+00:00,https://www.nba.com/players,2
Matas Buzelis,CHI,14,F,6-8,209 lbs,NBA G League Ignite,USA,2026-01-10T14:08:27.713595+00:00,https://www.nba.com/players,2
Jamal Cain,ORL,8,F,6-7,191 lbs,Oakland,USA,2026-01-10T14:08:27.713595+00:00,https://www.nba.com/players,2
Kentavious Caldwell-Pope,MEM,3,G,6-5,204 lbs,Georgia,USA,2026-01-10T14:08:27.713595+00:00,https://www.nba.com/players,2
Toumani Camara,POR,33,F,6-7,230 lbs,Dayton,Belgium,2026-01-10T14:08:27.713595+00:00,https://www.nba.com/players,2
Clint Capela,HOU,30,C,6-10,256 lbs,Elan Chalon,Switzerland,2026-01-10T14:08:27.713595+00:00,https://www.nba.com/players,2
Dylan Cardwell,SAC,32,C,6-10,255 lbs,Auburn,USA,2026-01-10T14:08:27.714770+00:00,https://www.nba.com/players,2
Branden Carlson,OKC,15,C,7-0,220 lbs,Utah,USA,2026-01-10T14:08:27.714770+00:00,https://www.nba.com/players,2
Bub Carrington,WAS,7,G,6-4,190 lbs,Pittsburgh,USA,2026-01-10T14:08:27.714770+00:00,https://www.nba.com/players,2
Devin Carter,SAC,22,G,6-2,195 lbs,Providence,USA,2026-01-10T14:08:27.714770+00:00,https://www.nba.com/players,2
Jevon Carter,CHI,5,G,6-0,200 lbs,West Virginia,USA,2026-01-10T14:08:27.714770+00:00,https://www.nba.com/players,2
Wendell Carter Jr.,ORL,34,C-F,6-10,270 lbs,Duke,USA,2026-01-10T14:08:27.714770+00:00,https://www.nba.com/players,2
Alex Caruso,OKC,9,G,6-5,186 lbs,Texas A&M,USA,2026-01-10T14:08:27.714770+00:00,https://www.nba.com/players,2
Stephon Castle,SAS,5,G,6-6,215 lbs,Connecticut,USA,2026-01-10T14:08:27.714770+00:00,https://www.nba.com/players,2
Colin Castleton,ORL,14,C,6-10,250 lbs,Florida,USA,2026-01-10T14:08:27.714770+00:00,https://www.nba.com/players,2
Julian Champagnie,SAS,30,F,6-7,217 lbs,St. John's,USA,2026-01-10T14:08:27.714770+00:00,https://www.nba.com/players,2
Justin Champagnie,WAS,9,G-F,6-6,206 lbs,Pittsburgh,USA,2026-01-10T14:08:27.714770+00:00,https://www.nba.com/players,2
Cam Christie,LAC,12,G,6-5,190 lbs,Minnesota,USA,2026-01-10T14:08:27.714770+00:00,https://www.nba.com/players,2
Max Christie,DAL,00,G,6-5,190 lbs,Michigan State,USA,2026-01-10T14:08:27.714770+00:00,https://www.nba.com/players,2
Moussa Cisse,DAL,30,C,6-11,220 lbs,Memphis,Guinea,2026-01-10T14:08:27.714770+00:00,https://www.nba.com/players,2
Sidy Cissoko,POR,91,G,6-6,220 lbs,NBA G League Ignite,France,2026-01-10T14:08:27.714770+00:00,https://www.nba.com/players,2
Jaylen Clark,MIN,22,G,6-5,205 lbs,UCLA,USA,2026-01-10T14:08:27.714770+00:00,https://www.nba.com/players,2
Brandon Clarke,MEM,15,F,6-8,215 lbs,Gonzaga,Canada,2026-01-10T14:08:27.714770+00:00,https://www.nba.com/players,2
Jordan Clarkson,NYK,00,G,6-5,194 lbs,Missouri,USA,2026-01-10T14:08:27.714770+00:00,https://www.nba.com/players,2
Nic Claxton,BKN,33,C,6-11,215 lbs,Georgia,USA,2026-01-10T14:08:27.714770+00:00,https://www.nba.com/players,2
Walter Clayton Jr.,UTA,13,G,6-4,195 lbs,Florida,USA,2026-01-10T14:08:27.714770+00:00,https://www.nba.com/players,2
Nique Clifford,SAC,5,G,6-5,175 lbs,Colorado State,USA,2026-01-10T14:08:27.714770+00:00,https://www.nba.com/players,2
Donovan Clingan,POR,23,C,7-2,280 lbs,Connecticut,USA,2026-01-10T14:08:27.714770+00:00,https://www.nba.com/players,2
Noah Clowney,BKN,21,F-C,6-10,210 lbs,Alabama,USA,2026-01-10T14:08:27.714770+00:00,https://www.nba.com/players,2
Amir Coffey,MIL,17,G-F,6-7,210 lbs,Minnesota,USA,2026-01-10T14:08:27.714770+00:00,https://www.nba.com/players,2
Isaiah Collier,UTA,8,G,6-4,210 lbs,Southern California,USA,2026-01-10T14:08:27.714770+00:00,https://www.nba.com/players,2
John Collins,LAC,20,F-C,6-9,226 lbs,Wake Forest,USA,2026-01-10T14:08:27.714770+00:00,https://www.nba.com/players,2
Zach Collins,CHI,12,F-C,6-9,250 lbs,Gonzaga,USA,2026-01-10T14:08:27.714770+00:00,https://www.nba.com/players,2
Mike Conley,MIN,10,G,6-1,175 lbs,Ohio State,USA,2026-01-10T14:08:27.714770+00:00,https://www.nba.com/players,2
Pat Connaughton,CHA,21,G,6-5,209 lbs,Notre Dame,USA,2026-01-10T14:08:27.714770+00:00,https://www.nba.com/players,2
Javonte Cooke,POR,18,G,6-6,185 lbs,Winston-Salem,USA,2026-01-10T14:08:27.714770+00:00,https://www.nba.com/players,2
Sharife Cooper,WAS,13,G,6-0,176 lbs,Auburn,USA,2026-01-10T14:08:27.714770+00:00,https://www.nba.com/players,2
Bilal Coulibaly,WAS,0,G,6-7,195 lbs,Metropolitans 92,France,2026-01-10T14:08:27.714770+00:00,https://www.nba.com/players,2
Cedric Coward,MEM,23,G,6-5,206 lbs,Washington State,USA,2026-01-10T14:08:27.714770+00:00,https://www.nba.com/players,2
Isaiah Crawford,HOU,27,F,6-6,220 lbs,Louisiana Tech,USA,2026-01-10T14:08:27.714770+00:00,https://www.nba.com/players,2
LJ Cryer,GSW,18,G,6-0,,Houston,USA,2026-01-10T14:08:29.984380+00:00,https://www.nba.com/players,3
Cade Cunningham,DET,2,G,6-6,220 lbs,Oklahoma State,USA,2026-01-10T14:08:29.984380+00:00,https://www.nba.com/players,3
Seth Curry,GSW,31,G,6-1,185 lbs,Duke,USA,2026-01-10T14:08:29.984380+00:00,https://www.nba.com/players,3
Stephen Curry,GSW,30,G,6-2,185 lbs,Davidson,USA,2026-01-10T14:08:29.984380+00:00,https://www.nba.com/players,3
Tristan da Silva,ORL,23,F,6-8,217 lbs,Colorado,Germany,2026-01-10T14:08:29.984380+00:00,https://www.nba.com/players,3
Pacôme Dadiet,NYK,4,F,6-9,210 lbs,Ratiopharm Ulm,France,2026-01-10T14:08:29.984380+00:00,https://www.nba.com/players,3
Dyson Daniels,ATL,5,G,6-7,199 lbs,NBA G League Ignite,Australia,2026-01-10T14:08:29.984380+00:00,https://www.nba.com/players,3
N'Faly Dante,ATL,12,C,6-11,230 lbs,Oregon,Mali,2026-01-10T14:08:29.984380+00:00,https://www.nba.com/players,3
Anthony Davis,DAL,3,F-C,6-10,253 lbs,Kentucky,USA,2026-01-10T14:08:29.984380+00:00,https://www.nba.com/players,3
JD Davison,HOU,4,G,6-1,195 lbs,Alabama,USA,2026-01-10T14:08:29.984380+00:00,https://www.nba.com/players,3
Egor Dëmin,BKN,8,G,6-8,200 lbs,Brigham Young,Russia,2026-01-10T14:08:29.984380+00:00,https://www.nba.com/players,3
RayJ Dennis,ATL,10,G,6-1,180 lbs,Baylor,USA,2026-01-10T14:08:29.984380+00:00,https://www.nba.com/players,3
DeMar DeRozan,SAC,10,G-F,6-6,220 lbs,Southern California,USA,2026-01-10T14:08:29.984380+00:00,https://www.nba.com/players,3
Moussa Diabaté,CHA,14,F,6-10,210 lbs,Michigan,France,2026-01-10T14:08:29.984380+00:00,https://www.nba.com/players,3
Mohamed Diawara,NYK,51,F,6-9,225 lbs,-,France,2026-01-10T14:08:29.984380+00:00,https://www.nba.com/players,3
Gradey Dick,TOR,1,G-F,6-7,200 lbs,Kansas,USA,2026-01-10T14:08:29.984380+00:00,https://www.nba.com/players,3
Hunter Dickinson,NOP,4,C,7-1,255 lbs,Kansas,USA,2026-01-10T14:08:29.984380+00:00,https://www.nba.com/players,3
Ousmane Dieng,OKC,13,F,6-9,185 lbs,New Zealand Breakers,France,2026-01-10T14:08:29.984380+00:00,https://www.nba.com/players,3
Rob Dillingham,MIN,4,G,6-2,175 lbs,Kentucky,USA,2026-01-10T14:08:29.984380+00:00,https://www.nba.com/players,3
Donte DiVincenzo,MIN,0,G,6-4,203 lbs,Villanova,USA,2026-01-10T14:08:29.984380+00:00,https://www.nba.com/players,3
Luka Dončić,LAL,77,F-G,6-8,230 lbs,Real Madrid,Slovenia,2026-01-10T14:08:29.984380+00:00,https://www.nba.com/players,3
Luguentz Dort,OKC,5,G,6-4,220 lbs,Arizona State,Canada,2026-01-10T14:08:29.984380+00:00,https://www.nba.com/players,3
Ayo Dosunmu,CHI,11,G,6-4,200 lbs,Illinois,USA,2026-01-10T14:08:29.984380+00:00,https://www.nba.com/players,3
Andre Drummond,PHI,1,C,6-11,279 lbs,Connecticut,USA,2026-01-10T14:08:29.984380+00:00,https://www.nba.com/players,3
Kris Dunn,LAC,8,G,6-3,205 lbs,Providence,USA,2026-01-10T14:08:29.984380+00:00,https://www.nba.com/players,3
Ryan Dunn,PHX,0,F,6-7,216 lbs,Virginia,USA,2026-01-10T14:08:29.984380+00:00,https://www.nba.com/players,3
Kevin Durant,HOU,7,F,6-11,240 lbs,Texas,USA,2026-01-10T14:08:29.984380+00:00,https://www.nba.com/players,3
Jalen Duren,DET,0,C,6-10,250 lbs,Memphis,USA,2026-01-10T14:08:29.984380+00:00,https://www.nba.com/players,3
Nikola Đurišić,ATL,22,G,6-8,214 lbs,Mega Basket,Belgium,2026-01-10T14:08:29.984380+00:00,https://www.nba.com/players,3
Tari Eason,HOU,17,F,6-8,215 lbs,Louisiana State,USA,2026-01-10T14:08:29.984380+00:00,https://www.nba.com/players,3
Zach Edey,MEM,14,C,7-3,305 lbs,Purdue,Canada,2026-01-10T14:08:29.984380+00:00,https://www.nba.com/players,3
VJ Edgecombe,PHI,77,G,6-4,180 lbs,Baylor,USA,2026-01-10T14:08:29.984380+00:00,https://www.nba.com/players,3
Anthony Edwards,MIN,5,G,6-4,225 lbs,Georgia,USA,2026-01-10T14:08:29.984380+00:00,https://www.nba.com/players,3
Justin Edwards,PHI,11,F,6-7,203 lbs,Kentucky,USA,2026-01-10T14:08:29.984380+00:00,https://www.nba.com/players,3
Keon Ellis,SAC,23,G,6-4,175 lbs,Alabama,USA,2026-01-10T14:08:29.984380+00:00,https://www.nba.com/players,3
Joel Embiid,PHI,21,C-F,7-0,280 lbs,Kansas,Cameroon,2026-01-10T14:08:29.984380+00:00,https://www.nba.com/players,3
Noa Essengue,CHI,24,F,6-8,200 lbs,-,France,2026-01-10T14:08:29.984380+00:00,https://www.nba.com/players,3
Tyson Etienne,BKN,10,G,6-0,200 lbs,Wichita State,USA,2026-01-10T14:08:29.984380+00:00,https://www.nba.com/players,3
Drew Eubanks,SAC,19,F-C,6-10,245 lbs,Oregon State,USA,2026-01-10T14:08:29.984380+00:00,https://www.nba.com/players,3
Tosan Evbuomwan,,,F,6-8,217 lbs,Princeton,United Kingdom,2026-01-10T14:08:29.984380+00:00,https://www.nba.com/players,3
Danté Exum,DAL,0,G,6-5,214 lbs,Australian Institute of Sport,Australia,2026-01-10T14:08:29.984380+00:00,https://www.nba.com/players,3
Jeremiah Fears,NOP,0,G,6-3,190 lbs,Oklahoma,USA,2026-01-10T14:08:29.984380+00:00,https://www.nba.com/players,3
Kyle Filipowski,UTA,22,C,6-11,250 lbs,Duke,USA,2026-01-10T14:08:29.984380+00:00,https://www.nba.com/players,3
Dorian Finney-Smith,HOU,2,F,6-7,220 lbs,Florida,USA,2026-01-10T14:08:29.984380+00:00,https://www.nba.com/players,3
Cooper Flagg,DAL,32,F,6-9,205 lbs,Duke,USA,2026-01-10T14:08:29.984380+00:00,https://www.nba.com/players,3
Rasheer Fleming,PHX,20,F,6-9,240 lbs,St. Joseph's (PA),USA,2026-01-10T14:08:29.984380+00:00,https://www.nba.com/players,3
Trentyn Flowers,,,F,6-9,185 lbs,Adelaide,USA,2026-01-10T14:08:29.984380+00:00,https://www.nba.com/players,3
Simone Fontecchio,MIA,0,F,6-7,209 lbs,Baskonia,Italy,2026-01-10T14:08:29.984380+00:00,https://www.nba.com/players,3
De'Aaron Fox,SAS,4,G,6-3,185 lbs,Kentucky,USA,2026-01-10T14:08:29.984380+00:00,https://www.nba.com/players,3
Enrique Freeman,MIN,25,F,6-9,220 lbs,Akron,USA,2026-01-10T14:08:29.984380+00:00,https://www.nba.com/players,3
Johnny Furphy,IND,12,G,6-8,200 lbs,Kansas,Australia,2026-01-10T14:08:32.403205+00:00,https://www.nba.com/players,4
Daniel Gafford,DAL,21,F-C,6-10,265 lbs,Arkansas,USA,2026-01-10T14:08:32.403205+00:00,https://www.nba.com/players,4
Myron Gardner,MIA,15,F,6-5,220 lbs,Arkansas-Little Rock,USA,2026-01-10T14:08:32.403205+00:00,https://www.nba.com/players,4
Darius Garland,CLE,10,G,6-1,192 lbs,Vanderbilt,USA,2026-01-10T14:08:32.403205+00:00,https://www.nba.com/players,4
Luka Garza,BOS,52,C,6-10,243 lbs,Iowa,USA,2026-01-10T14:08:32.403205+00:00,https://www.nba.com/players,4
Keyonte George,UTA,3,G,6-4,185 lbs,Baylor,USA,2026-01-10T14:08:32.403205+00:00,https://www.nba.com/players,4
Kyshawn George,WAS,18,F,6-8,200 lbs,Miami,Switzerland,2026-01-10T14:08:32.403205+00:00,https://www.nba.com/players,4
Paul George,PHI,8,F,6-8,220 lbs,Fresno State,USA,2026-01-10T14:08:32.403205+00:00,https://www.nba.com/players,4
Josh Giddey,CHI,3,G,6-7,216 lbs,NBA Global Academy,Australia,2026-01-10T14:08:32.403205+00:00,https://www.nba.com/players,4
Shai Gilgeous-Alexander,OKC,2,G,6-6,195 lbs,Kentucky,Canada,2026-01-10T14:08:32.403205+00:00,https://www.nba.com/players,4
Anthony Gill,WAS,16,F,6-7,230 lbs,Virginia,USA,2026-01-10T14:08:32.403205+00:00,https://www.nba.com/players,4
Collin Gillespie,PHX,12,G,6-1,195 lbs,Villanova,USA,2026-01-10T14:08:32.403205+00:00,https://www.nba.com/players,4
Rudy Gobert,MIN,27,C,7-1,258 lbs,Cholet,France,2026-01-10T14:08:32.403205+00:00,https://www.nba.com/players,4
Vladislav Goldin,MIA,50,C,7-0,250 lbs,Michigan,Russia,2026-01-10T14:08:32.403205+00:00,https://www.nba.com/players,4
Hugo González,BOS,28,G,6-6,200 lbs,Real Madrid,Spain,2026-01-10T14:08:32.403205+00:00,https://www.nba.com/players,4
Jordan Goodwin,PHX,23,G,6-3,215 lbs,St. Louis,USA,2026-01-10T14:08:32.403205+00:00,https://www.nba.com/players,4
Aaron Gordon,DEN,32,F,6-8,235 lbs,Arizona,USA,2026-01-10T14:08:32.403205+00:00,https://www.nba.com/players,4
Eric Gordon,PHI,23,G,6-3,215 lbs,Indiana,USA,2026-01-10T14:08:32.403205+00:00,https://www.nba.com/players,4
Jerami Grant,POR,9,F,6-7,213 lbs,Syracuse,USA,2026-01-10T14:08:32.403205+00:00,https://www.nba.com/players,4
AJ Green,MIL,20,G,6-4,190 lbs,Northern Iowa,USA,2026-01-10T14:08:32.403205+00:00,https://www.nba.com/players,4
Draymond Green,GSW,23,F,6-6,230 lbs,Michigan State,USA,2026-01-10T14:08:32.403205+00:00,https://www.nba.com/players,4
Jalen Green,PHX,4,G,6-4,186 lbs,NBA G League Ignite,USA,2026-01-10T14:08:32.403205+00:00,https://www.nba.com/players,4
Javonte Green,DET,31,G,6-5,205 lbs,Radford,USA,2026-01-10T14:08:32.403205+00:00,https://www.nba.com/players,4
Jeff Green,HOU,32,F,6-8,235 lbs,Georgetown,USA,2026-01-10T14:08:32.403205+00:00,https://www.nba.com/players,4
Josh Green,CHA,10,G,6-6,200 lbs,Arizona,Australia,2026-01-10T14:08:32.403205+00:00,https://www.nba.com/players,4
Quentin Grimes,PHI,5,G,6-4,210 lbs,Houston,USA,2026-01-10T14:08:32.403205+00:00,https://www.nba.com/players,4
Mouhamed Gueye,ATL,18,F,6-11,210 lbs,Washington State,Senegal,2026-01-10T14:08:32.403205+00:00,https://www.nba.com/players,4
Rui Hachimura,LAL,28,F,6-8,230 lbs,Gonzaga,Japan,2026-01-10T14:08:32.403205+00:00,https://www.nba.com/players,4
Tyrese Haliburton,IND,0,G,6-5,185 lbs,Iowa State,USA,2026-01-10T14:08:32.403205+00:00,https://www.nba.com/players,4
PJ Hall,CHA,16,C,6-8,245 lbs,Clemson,USA,2026-01-10T14:08:32.403205+00:00,https://www.nba.com/players,4
Tim Hardaway Jr.,DEN,10,G-F,6-5,205 lbs,Michigan,USA,2026-01-10T14:08:32.403205+00:00,https://www.nba.com/players,4
James Harden,LAC,1,G,6-5,220 lbs,Arizona State,USA,2026-01-10T14:08:32.403205+00:00,https://www.nba.com/players,4
Jaden Hardy,DAL,1,G,6-3,198 lbs,NBA G League Ignite,USA,2026-01-10T14:08:32.403205+00:00,https://www.nba.com/players,4
Elijah Harkless,UTA,16,G,6-3,195 lbs,UNLV,USA,2026-01-10T14:08:32.403205+00:00,https://www.nba.com/players,4
Dylan Harper,SAS,2,G,6-5,215 lbs,Rutgers,USA,2026-01-10T14:08:32.403205+00:00,https://www.nba.com/players,4
Ron Harper Jr.,BOS,13,G-F,6-5,233 lbs,Rutgers,USA,2026-01-10T14:08:32.403205+00:00,https://www.nba.com/players,4
Gary Harris,MIL,11,G,6-4,210 lbs,Michigan State,USA,2026-01-10T14:08:32.403205+00:00,https://www.nba.com/players,4
Tobias Harris,DET,12,F,6-8,226 lbs,Tennessee,USA,2026-01-10T14:08:32.403205+00:00,https://www.nba.com/players,4
Josh Hart,NYK,3,G,6-5,215 lbs,Villanova,USA,2026-01-10T14:08:32.403205+00:00,https://www.nba.com/players,4
Isaiah Hartenstein,OKC,55,C-F,7-0,250 lbs,Zalgiris,Germany,2026-01-10T14:08:32.403205+00:00,https://www.nba.com/players,4
Sam Hauser,BOS,30,F,6-7,217 lbs,Virginia,USA,2026-01-10T14:08:32.403205+00:00,https://www.nba.com/players,4
Jordan Hawkins,NOP,24,G,6-5,190 lbs,Connecticut,USA,2026-01-10T14:08:32.403205+00:00,https://www.nba.com/players,4
Jaxson Hayes,LAL,11,C-F,7-0,220 lbs,Texas,USA,2026-01-10T14:08:32.403205+00:00,https://www.nba.com/players,4
Nigel Hayes-Davis,PHX,21,F,6-7,254 lbs,Wisconsin,USA,2026-01-10T14:08:32.403205+00:00,https://www.nba.com/players,4
Scoot Henderson,POR,00,G,6-3,207 lbs,NBA G League Ignite,USA,2026-01-10T14:08:32.403205+00:00,https://www.nba.com/players,4
Taylor Hendricks,UTA,0,F,6-9,215 lbs,Central Florida,USA,2026-01-10T14:08:32.403205+00:00,https://www.nba.com/players,4
Chucky Hepburn,TOR,24,G,6-0,190 lbs,Louisville,USA,2026-01-10T14:08:32.403205+00:00,https://www.nba.com/players,4
Tyler Herro,MIA,14,G,6-5,195 lbs,Kentucky,USA,2026-01-10T14:08:32.403205+00:00,https://www.nba.com/players,4
Buddy Hield,GSW,7,G,6-4,220 lbs,Oklahoma,Bahamas,2026-01-10T14:08:32.403205+00:00,https://www.nba.com/players,4
Haywood Highsmith,BKN,7,F,6-5,220 lbs,Wheeling Jesuit,USA,2026-01-10T14:08:32.403205+00:00,https://www.nba.com/players,4
Aaron Holiday,HOU,0,G,6-0,185 lbs,UCLA,USA,2026-01-10T14:08:34.753083+00:00,https://www.nba.com/players,5
Jrue Holiday,POR,5,G,6-4,220 lbs,UCLA,USA,2026-01-10T14:08:34.753083+00:00,https://www.nba.com/players,5
Ronald Holland II,DET,5,F,6-8,206 lbs,NBA G League Ignite,USA,2026-01-10T14:08:34.753083+00:00,https://www.nba.com/players,5
DaRon Holmes II,DEN,14,F,6-9,225 lbs,Dayton,USA,2026-01-10T14:08:34.753083+00:00,https://www.nba.com/players,5
Chet Holmgren,OKC,7,C-F,7-1,208 lbs,Gonzaga,USA,2026-01-10T14:08:34.753083+00:00,https://www.nba.com/players,5
Al Horford,GSW,20,C-F,6-8,240 lbs,Florida,Dominican Republic,2026-01-10T14:08:34.753083+00:00,https://www.nba.com/players,5
Caleb Houstan,ATL,33,G,6-8,205 lbs,Michigan,Canada,2026-01-10T14:08:34.753083+00:00,https://www.nba.com/players,5
Jett Howard,ORL,13,G,6-8,215 lbs,Michigan,USA,2026-01-10T14:08:34.753083+00:00,https://www.nba.com/players,5
Kevin Huerter,CHI,13,G-F,6-6,198 lbs,Maryland,USA,2026-01-10T14:08:34.753083+00:00,https://www.nba.com/players,5
Jay Huff,IND,32,C,7-1,240 lbs,Virginia,USA,2026-01-10T14:08:34.753083+00:00,https://www.nba.com/players,5
Ariel Hukporti,NYK,55,C,7-0,246 lbs,Riesen Ludwigsburg,Germany,2026-01-10T14:08:34.753083+00:00,https://www.nba.com/players,5
De'Andre Hunter,CLE,12,F-G,6-7,221 lbs,Virginia,USA,2026-01-10T14:08:34.753083+00:00,https://www.nba.com/players,5
Bones Hyland,MIN,8,G,6-2,169 lbs,Virginia Commonwealth,USA,2026-01-10T14:08:34.753083+00:00,https://www.nba.com/players,5
Oso Ighodaro,PHX,11,F,6-11,235 lbs,Marquette,USA,2026-01-10T14:08:34.753083+00:00,https://www.nba.com/players,5
Joe Ingles,MIN,7,F-G,6-8,220 lbs,Maccabi Tel Aviv,Australia,2026-01-10T14:08:34.753083+00:00,https://www.nba.com/players,5
Brandon Ingram,TOR,3,F,6-8,190 lbs,Duke,USA,2026-01-10T14:08:34.753083+00:00,https://www.nba.com/players,5
Harrison Ingram,SAS,55,F,6-5,230 lbs,North Carolina,USA,2026-01-10T14:08:34.753083+00:00,https://www.nba.com/players,5
Kyrie Irving,DAL,11,G,6-2,195 lbs,Duke,Australia,2026-01-10T14:08:34.753083+00:00,https://www.nba.com/players,5
Jonathan Isaac,ORL,1,F,6-10,230 lbs,Florida State,USA,2026-01-10T14:08:34.753083+00:00,https://www.nba.com/players,5
Jaden Ivey,DET,23,G,6-3,195 lbs,Purdue,USA,2026-01-10T14:08:34.753083+00:00,https://www.nba.com/players,5
GG Jackson,MEM,45,F,6-9,210 lbs,South Carolina,USA,2026-01-10T14:08:34.753083+00:00,https://www.nba.com/players,5
Isaiah Jackson,IND,22,F,6-8,205 lbs,Kentucky,USA,2026-01-10T14:08:34.753083+00:00,https://www.nba.com/players,5
Quenton Jackson,IND,29,G,6-4,173 lbs,Texas A&M,USA,2026-01-10T14:08:34.753083+00:00,https://www.nba.com/players,5
Andre Jackson Jr.,MIL,44,G,6-6,209 lbs,Connecticut,USA,2026-01-10T14:08:34.753083+00:00,https://www.nba.com/players,5
Jaren Jackson Jr.,MEM,8,F-C,6-10,242 lbs,Michigan State,USA,2026-01-10T14:08:34.753083+00:00,https://www.nba.com/players,5
Trayce Jackson-Davis,GSW,32,F,6-9,245 lbs,Indiana,USA,2026-01-10T14:08:34.753083+00:00,https://www.nba.com/players,5
Kasparas Jakučionis,MIA,25,G,6-5,200 lbs,Illinois-Urbana-Champaign,Lithuania,2026-01-10T14:08:34.753083+00:00,https://www.nba.com/players,5
Bronny James,LAL,9,G,6-2,210 lbs,Southern California,USA,2026-01-10T14:08:34.753083+00:00,https://www.nba.com/players,5
LeBron James,LAL,23,F,6-9,250 lbs,St. Vincent-St. Mary HS (OH),USA,2026-01-10T14:08:34.753083+00:00,https://www.nba.com/players,5
Sion James,CHA,4,G,6-5,220 lbs,Duke,USA,2026-01-10T14:08:34.753083+00:00,https://www.nba.com/players,5
Jaime Jaquez Jr.,MIA,11,G,6-6,225 lbs,UCLA,USA,2026-01-10T14:08:34.753083+00:00,https://www.nba.com/players,5
Trey Jemison III,NYK,50,C,6-10,270 lbs,Alabama-Birmingham,USA,2026-01-10T14:08:34.753083+00:00,https://www.nba.com/players,5
Daniss Jenkins,DET,24,G,6-4,165 lbs,St. John's,USA,2026-01-10T14:08:34.753083+00:00,https://www.nba.com/players,5
Ty Jerome,MEM,2,G-F,6-5,195 lbs,Virginia,USA,2026-01-10T14:08:34.753083+00:00,https://www.nba.com/players,5
Isaiah Joe,OKC,11,G,6-4,165 lbs,Arkansas,USA,2026-01-10T14:08:34.753083+00:00,https://www.nba.com/players,5
AJ Johnson,WAS,4,G,6-5,160 lbs,Illawarra,USA,2026-01-10T14:08:34.753083+00:00,https://www.nba.com/players,5
Cameron Johnson,DEN,23,F,6-8,210 lbs,North Carolina,USA,2026-01-10T14:08:34.753083+00:00,https://www.nba.com/players,5
Chaney Johnson,BKN,31,G-F,6-7,220 lbs,Auburn,USA,2026-01-10T14:08:34.753083+00:00,https://www.nba.com/players,5
Jalen Johnson,ATL,1,F,6-8,219 lbs,Duke,USA,2026-01-10T14:08:34.753083+00:00,https://www.nba.com/players,5
Keldon Johnson,SAS,3,F-G,6-6,220 lbs,Kentucky,USA,2026-01-10T14:08:34.753083+00:00,https://www.nba.com/players,5
Keshad Johnson,MIA,16,F,6-6,225 lbs,Arizona,USA,2026-01-10T14:08:34.753083+00:00,https://www.nba.com/players,5
Tre Johnson,WAS,12,G,6-5,190 lbs,Texas,USA,2026-01-10T14:08:34.753083+00:00,https://www.nba.com/players,5
Nikola Jokić,DEN,15,C,6-11,284 lbs,Mega Basket,Serbia,2026-01-10T14:08:34.753083+00:00,https://www.nba.com/players,5
Colby Jones,,,G,6-6,207 lbs,Xavier,USA,2026-01-10T14:08:34.753083+00:00,https://www.nba.com/players,5
Curtis Jones,DEN,1,G,6-3,195 lbs,Iowa State,USA,2026-01-10T14:08:34.753083+00:00,https://www.nba.com/players,5
Herbert Jones,NOP,2,F,6-7,206 lbs,Alabama,USA,2026-01-10T14:08:34.753083+00:00,https://www.nba.com/players,5
Isaac Jones,DET,3,F,6-8,245 lbs,Washington State,USA,2026-01-10T14:08:34.753083+00:00,https://www.nba.com/players,5
Kam Jones,IND,7,G,6-4,200 lbs,Marquette,USA,2026-01-10T14:08:34.753083+00:00,https://www.nba.com/players,5
Spencer Jones,DEN,21,F,6-7,225 lbs,Stanford,USA,2026-01-10T14:08:34.753083+00:00,https://www.nba.com/players,5
Tre Jones,CHI,30,G,6-1,185 lbs,Duke,USA,2026-01-10T14:08:34.753083+00:00,https://www.nba.com/players,5
Tyus Jones,ORL,2,G,6-0,196 lbs,Duke,USA,2026-01-10T14:08:36.988075+00:00,https://www.nba.com/players,6
David Jones Garcia,SAS,25,G,6-4,210 lbs,Memphis,Dominican Republic,2026-01-10T14:08:36.988075+00:00,https://www.nba.com/players,6
Derrick Jones Jr.,LAC,5,F,6-6,210 lbs,UNLV,USA,2026-01-10T14:08:36.988075+00:00,https://www.nba.com/players,6
DeAndre Jordan,NOP,9,C,6-11,265 lbs,Texas A&M,USA,2026-01-10T14:08:36.988075+00:00,https://www.nba.com/players,6
Nikola Jović,MIA,5,F,6-10,205 lbs,Mega Basket,Serbia,2026-01-10T14:08:36.988075+00:00,https://www.nba.com/players,6
Johnny Juzang,MIN,9,G,6-7,226 lbs,UCLA,USA,2026-01-10T14:08:36.988075+00:00,https://www.nba.com/players,6
Ryan Kalkbrenner,CHA,11,C,7-1,256 lbs,Creighton,USA,2026-01-10T14:08:36.988075+00:00,https://www.nba.com/players,6
Yuki Kawamura,CHI,8,G,5-7,159 lbs,Yokohama B-Corsairs (Japan),Japan,2026-01-10T14:08:36.988075+00:00,https://www.nba.com/players,6
Miles Kelly,DAL,14,G,6-4,190 lbs,Auburn,USA,2026-01-10T14:08:36.988075+00:00,https://www.nba.com/players,6
Luke Kennard,ATL,3,G,6-5,206 lbs,Duke,USA,2026-01-10T14:08:36.988075+00:00,https://www.nba.com/players,6
Walker Kessler,UTA,24,C,7-2,245 lbs,Auburn,USA,2026-01-10T14:08:36.988075+00:00,https://www.nba.com/players,6
Corey Kispert,ATL,24,F,6-6,224 lbs,Gonzaga,USA,2026-01-10T14:08:36.988075+00:00,https://www.nba.com/players,6
Maxi Kleber,LAL,14,F,6-10,240 lbs,Bayern Munich,Germany,2026-01-10T14:08:36.988075+00:00,https://www.nba.com/players,6
Bobi Klintman,DET,34,F,6-9,225 lbs,Wake Forest,Sweden,2026-01-10T14:08:36.988075+00:00,https://www.nba.com/players,6
Dalton Knecht,LAL,4,F,6-6,215 lbs,Tennessee,USA,2026-01-10T14:08:36.988075+00:00,https://www.nba.com/players,6
Kon Knueppel,CHA,7,G-F,6-6,215 lbs,Duke,USA,2026-01-10T14:08:36.988075+00:00,https://www.nba.com/players,6
Tyler Kolek,NYK,13,G,6-2,195 lbs,Marquette,USA,2026-01-10T14:08:36.988075+00:00,https://www.nba.com/players,6
Christian Koloko,MEM,10,C,6-11,225 lbs,Arizona,Cameroon,2026-01-10T14:08:36.988075+00:00,https://www.nba.com/players,6
John Konchar,MEM,46,G,6-5,210 lbs,Indiana-Purdue Fort Wayne,USA,2026-01-10T14:08:36.988075+00:00,https://www.nba.com/players,6
Luke Kornet,SAS,7,C-F,7-1,250 lbs,Vanderbilt,USA,2026-01-10T14:08:36.988075+00:00,https://www.nba.com/players,6
Vít Krejčí,ATL,27,G,6-8,195 lbs,Zaragoza,Czech Republic,2026-01-10T14:08:36.988075+00:00,https://www.nba.com/players,6
Jonathan Kuminga,GSW,1,F,6-7,225 lbs,NBA G League Ignite,DRC,2026-01-10T14:08:36.988075+00:00,https://www.nba.com/players,6
Kyle Kuzma,MIL,18,F,6-8,221 lbs,Utah,USA,2026-01-10T14:08:36.988075+00:00,https://www.nba.com/players,6
Jock Landale,MEM,31,C,6-11,255 lbs,St. Mary's,Australia,2026-01-10T14:08:36.988075+00:00,https://www.nba.com/players,6
Chaz Lanier,DET,20,G,6-3,206 lbs,Tennessee,USA,2026-01-10T14:08:36.988075+00:00,https://www.nba.com/players,6
Jake LaRavia,LAL,12,F,6-7,235 lbs,Wake Forest,USA,2026-01-10T14:08:36.988075+00:00,https://www.nba.com/players,6
Pelle Larsson,MIA,9,G,6-5,215 lbs,Arizona,Sweden,2026-01-10T14:08:36.988075+00:00,https://www.nba.com/players,6
Zach LaVine,SAC,8,G,6-5,200 lbs,UCLA,USA,2026-01-10T14:08:36.988075+00:00,https://www.nba.com/players,6
A.J. Lawson,TOR,0,G,6-6,179 lbs,South Carolina,Canada,2026-01-10T14:08:36.988075+00:00,https://www.nba.com/players,6
Kawhi Leonard,LAC,2,F,6-6,225 lbs,San Diego State,USA,2026-01-10T14:08:36.988075+00:00,https://www.nba.com/players,6
Malevy Leons,GSW,33,F,6-9,210 lbs,Bradley,Netherlands,2026-01-10T14:08:36.988075+00:00,https://www.nba.com/players,6
Caris LeVert,DET,8,G,6-7,205 lbs,Michigan,USA,2026-01-10T14:08:36.988075+00:00,https://www.nba.com/players,6
E.J. Liddell,BKN,9,F,6-6,240 lbs,Ohio State,USA,2026-01-10T14:08:36.988075+00:00,https://www.nba.com/players,6
Damian Lillard,POR,0,G,6-2,200 lbs,Weber State,USA,2026-01-10T14:08:36.988075+00:00,https://www.nba.com/players,6
Dereck Lively II,DAL,2,C,7-1,230 lbs,Duke,USA,2026-01-10T14:08:36.988075+00:00,https://www.nba.com/players,6
Isaiah Livers,PHX,18,F,6-6,232 lbs,Michigan,USA,2026-01-10T14:08:36.988075+00:00,https://www.nba.com/players,6
Chris Livingston,CLE,8,F,6-6,220 lbs,Kentucky,USA,2026-01-10T14:08:36.988075+00:00,https://www.nba.com/players,6
Kevon Looney,NOP,55,F,6-9,222 lbs,UCLA,USA,2026-01-10T14:08:36.988075+00:00,https://www.nba.com/players,6
Brook Lopez,LAC,11,C,7-1,282 lbs,Stanford,USA,2026-01-10T14:08:36.988075+00:00,https://www.nba.com/players,6
Caleb Love,POR,2,G,6-3,212 lbs,Arizona,USA,2026-01-10T14:08:36.988075+00:00,https://www.nba.com/players,6
Kevin Love,UTA,42,F-C,6-10,251 lbs,UCLA,USA,2026-01-10T14:08:36.988075+00:00,https://www.nba.com/players,6
Kyle Lowry,PHI,7,G,6-0,196 lbs,Villanova,USA,2026-01-10T14:08:36.988075+00:00,https://www.nba.com/players,6
Khaman Maluach,PHX,10,C,7-1,250 lbs,Duke,South Sudan,2026-01-10T14:08:36.988075+00:00,https://www.nba.com/players,6
Sandro Mamukelashvili,TOR,54,F-C,6-9,240 lbs,Seton Hall,Georgia,2026-01-10T14:08:36.988075+00:00,https://www.nba.com/players,6
Terance Mann,BKN,14,G-F,6-6,215 lbs,Florida State,USA,2026-01-10T14:08:36.988075+00:00,https://www.nba.com/players,6
Tre Mann,CHA,23,G,6-4,178 lbs,Florida,USA,2026-01-10T14:08:36.988075+00:00,https://www.nba.com/players,6
Chris Mañon,LAL,30,G,6-4,209 lbs,Vanderbilt,USA,2026-01-10T14:08:36.988075+00:00,https://www.nba.com/players,6
Lauri Markkanen,UTA,23,F-C,7-1,240 lbs,Arizona,Finland,2026-01-10T14:08:36.988075+00:00,https://www.nba.com/players,6
Naji Marshall,DAL,13,F,6-6,220 lbs,Xavier,USA,2026-01-10T14:08:36.988075+00:00,https://www.nba.com/players,6
Alijah Martin,TOR,55,G,6-2,210 lbs,Florida,USA,2026-01-10T14:08:36.988075+00:00,https://www.nba.com/players,6
Caleb Martin,DAL,16,F,6-5,205 lbs,Nevada,USA,2026-01-10T14:08:39.272389+00:00,https://www.nba.com/players,7
Cody Martin,,,F,6-6,205 lbs,Nevada,USA,2026-01-10T14:08:39.272389+00:00,https://www.nba.com/players,7
Tyrese Martin,BKN,13,F,6-6,215 lbs,Connecticut,USA,2026-01-10T14:08:39.272389+00:00,https://www.nba.com/players,7
Jahmai Mashack,MEM,,G,6-4,203 lbs,Tennessee,USA,2026-01-10T14:08:39.272389+00:00,https://www.nba.com/players,7
Garrison Mathews,,,G,6-5,215 lbs,Lipscomb,USA,2026-01-10T14:08:39.272389+00:00,https://www.nba.com/players,7
Bennedict Mathurin,IND,00,G-F,6-5,210 lbs,Arizona,Canada,2026-01-10T14:08:39.272389+00:00,https://www.nba.com/players,7
Karlo Matković,NOP,17,F-C,6-10,231 lbs,Mega Basket,Bosnia and Herzegovina,2026-01-10T14:08:39.272389+00:00,https://www.nba.com/players,7
Tyrese Maxey,PHI,0,G,6-2,200 lbs,Kentucky,USA,2026-01-10T14:08:39.272389+00:00,https://www.nba.com/players,7
Miles McBride,NYK,2,G,6-2,195 lbs,West Virginia,USA,2026-01-10T14:08:39.272389+00:00,https://www.nba.com/players,7
Jared McCain,PHI,20,G,6-3,195 lbs,Duke,USA,2026-01-10T14:08:39.272389+00:00,https://www.nba.com/players,7
Mac McClung,,,G,6-2,185 lbs,Texas Tech,USA,2026-01-10T14:08:39.272389+00:00,https://www.nba.com/players,7
CJ McCollum,ATL,3,G,6-3,190 lbs,Lehigh,USA,2026-01-10T14:08:39.272389+00:00,https://www.nba.com/players,7
T.J. McConnell,IND,9,G,6-1,190 lbs,Arizona,USA,2026-01-10T14:08:39.272389+00:00,https://www.nba.com/players,7
Kevin McCullar Jr.,NYK,9,G,6-6,210 lbs,Kansas,USA,2026-01-10T14:08:39.272389+00:00,https://www.nba.com/players,7
Jaden McDaniels,MIN,3,F,6-9,185 lbs,Washington,USA,2026-01-10T14:08:39.272389+00:00,https://www.nba.com/players,7
Doug McDermott,SAC,7,F,6-7,225 lbs,Creighton,USA,2026-01-10T14:08:39.272389+00:00,https://www.nba.com/players,7
Bryce McGowens,NOP,11,G,6-6,190 lbs,Nebraska,USA,2026-01-10T14:08:39.275746+00:00,https://www.nba.com/players,7
Jordan McLaughlin,SAS,0,G,5-11,185 lbs,Southern California,USA,2026-01-10T14:08:39.275746+00:00,https://www.nba.com/players,7
Liam McNeeley,CHA,33,F,6-7,210 lbs,Connecticut,USA,2026-01-10T14:08:39.275746+00:00,https://www.nba.com/players,7
De'Anthony Melton,GSW,8,G,6-2,200 lbs,Southern California,USA,2026-01-10T14:08:39.275746+00:00,https://www.nba.com/players,7
Sam Merrill,CLE,5,G,6-4,205 lbs,Utah State,USA,2026-01-10T14:08:39.275746+00:00,https://www.nba.com/players,7
Khris Middleton,WAS,22,F,6-7,222 lbs,Texas A&M,USA,2026-01-10T14:08:39.275746+00:00,https://www.nba.com/players,7
Brandon Miller,CHA,24,F,6-7,200 lbs,Alabama,USA,2026-01-10T14:08:39.275746+00:00,https://www.nba.com/players,7
Emanuel Miller,CHI,2,F,6-5,215 lbs,TCU,Canada,2026-01-10T14:08:39.275746+00:00,https://www.nba.com/players,7
Jordan Miller,LAC,22,G,6-5,194 lbs,Miami,USA,2026-01-10T14:08:39.275746+00:00,https://www.nba.com/players,7
Leonard Miller,MIN,33,F,6-10,220 lbs,NBA G League Ignite,Canada,2026-01-10T14:08:39.275746+00:00,https://www.nba.com/players,7
Riley Minix,,,F,6-7,230 lbs,Morehead State,USA,2026-01-10T14:08:39.275746+00:00,https://www.nba.com/players,7
Josh Minott,BOS,8,F,6-8,205 lbs,Memphis,USA,2026-01-10T14:08:39.275746+00:00,https://www.nba.com/players,7
Yves Missi,NOP,21,C,6-11,235 lbs,Baylor,Cameroon,2026-01-10T14:08:39.275746+00:00,https://www.nba.com/players,7
Ajay Mitchell,OKC,25,G,6-4,190 lbs,California-Santa Barbara,Belgium,2026-01-10T14:08:39.275746+00:00,https://www.nba.com/players,7
Davion Mitchell,MIA,45,G,6-0,202 lbs,Baylor,USA,2026-01-10T14:08:39.275746+00:00,https://www.nba.com/players,7
Donovan Mitchell,CLE,45,G,6-2,215 lbs,Louisville,USA,2026-01-10T14:08:39.276521+00:00,https://www.nba.com/players,7
Evan Mobley,CLE,4,C,6-11,215 lbs,Southern California,USA,2026-01-10T14:08:39.276521+00:00,https://www.nba.com/players,7
Jonathan Mogbo,TOR,2,F,6-9,225 lbs,San Francisco,USA,2026-01-10T14:08:39.276521+00:00,https://www.nba.com/players,7
Malik Monk,SAC,0,G,6-3,200 lbs,Kentucky,USA,2026-01-10T14:08:39.276521+00:00,https://www.nba.com/players,7
Moses Moody,GSW,4,G,6-5,211 lbs,Arkansas,USA,2026-01-10T14:08:39.276521+00:00,https://www.nba.com/players,7
Wendell Moore Jr.,DET,9,G,6-5,215 lbs,Duke,USA,2026-01-10T14:08:39.276521+00:00,https://www.nba.com/players,7
Ja Morant,MEM,12,G,6-2,174 lbs,Murray State,USA,2026-01-10T14:08:39.276521+00:00,https://www.nba.com/players,7
Monte Morris,,,G,6-2,183 lbs,Iowa State,USA,2026-01-10T14:08:39.276521+00:00,https://www.nba.com/players,7
Trey Murphy III,NOP,25,F,6-8,206 lbs,Virginia,USA,2026-01-10T14:08:39.276521+00:00,https://www.nba.com/players,7
Dejounte Murray,NOP,5,G,6-4,180 lbs,Washington,USA,2026-01-10T14:08:39.276521+00:00,https://www.nba.com/players,7
Jamal Murray,DEN,27,G,6-4,215 lbs,Kentucky,Canada,2026-01-10T14:08:39.276521+00:00,https://www.nba.com/players,7
Keegan Murray,SAC,13,F,6-8,225 lbs,Iowa,USA,2026-01-10T14:08:39.276521+00:00,https://www.nba.com/players,7
Kris Murray,POR,24,F,6-8,218 lbs,Iowa,USA,2026-01-10T14:08:39.276521+00:00,https://www.nba.com/players,7
Collin Murray-Boyles,TOR,12,F,6-7,245 lbs,South Carolina,USA,2026-01-10T14:08:39.276521+00:00,https://www.nba.com/players,7
Svi Mykhailiuk,UTA,10,G-F,6-7,205 lbs,Kansas,Ukraine,2026-01-10T14:08:39.276521+00:00,https://www.nba.com/players,7
Pete Nance,MIL,35,F,6-9,225 lbs,Northwestern,USA,2026-01-10T14:08:39.276521+00:00,https://www.nba.com/players,7
Larry Nance Jr.,CLE,22,F-C,6-6,245 lbs,Wyoming,USA,2026-01-10T14:08:39.276521+00:00,https://www.nba.com/players,7
Andrew Nembhard,IND,2,G-F,6-4,191 lbs,Gonzaga,Canada,2026-01-10T14:08:39.276521+00:00,https://www.nba.com/players,7
Ryan Nembhard,DAL,9,G,5-11,180 lbs,Gonzaga,Canada,2026-01-10T14:08:39.276521+00:00,https://www.nba.com/players,7
Aaron Nesmith,IND,23,G-F,6-5,215 lbs,Vanderbilt,USA,2026-01-10T14:08:41.523990+00:00,https://www.nba.com/players,8
Asa Newell,ATL,14,F,6-10,220 lbs,Georgia,USA,2026-01-10T14:08:41.523990+00:00,https://www.nba.com/players,8
Tristen Newton,HOU,13,G,6-5,190 lbs,Connecticut,USA,2026-01-10T14:08:41.523990+00:00,https://www.nba.com/players,8
Georges Niang,UTA,31,F,6-6,230 lbs,Iowa State,USA,2026-01-10T14:08:41.523990+00:00,https://www.nba.com/players,8
Yanic Konan Niederhäuser,LAC,14,C,6-11,242 lbs,Penn State,Switzerland,2026-01-10T14:08:41.523990+00:00,https://www.nba.com/players,8
Zeke Nnaji,DEN,22,F-C,6-10,240 lbs,Arizona,USA,2026-01-10T14:08:41.523990+00:00,https://www.nba.com/players,8
Jusuf Nurkić,UTA,30,C,6-11,290 lbs,Cedevita,Bosnia and Herzegovina,2026-01-10T14:08:41.523990+00:00,https://www.nba.com/players,8
Josh Okogie,HOU,20,G,6-4,213 lbs,Georgia Tech,Nigeria,2026-01-10T14:08:41.523990+00:00,https://www.nba.com/players,8
Onyeka Okongwu,ATL,17,F-C,6-10,240 lbs,Southern California,USA,2026-01-10T14:08:41.523990+00:00,https://www.nba.com/players,8
Isaac Okoro,CHI,35,F-G,6-4,225 lbs,Auburn,USA,2026-01-10T14:08:41.523990+00:00,https://www.nba.com/players,8
Lachlan Olbrich,CHI,47,C,6-8,236 lbs,Illawarra,Australia,2026-01-10T14:08:41.523990+00:00,https://www.nba.com/players,8
Kelly Olynyk,SAS,8,F-C,7-0,240 lbs,Gonzaga,Canada,2026-01-10T14:08:41.523990+00:00,https://www.nba.com/players,8
Royce O'Neale,PHX,00,F,6-6,226 lbs,Baylor,USA,2026-01-10T14:08:41.523990+00:00,https://www.nba.com/players,8
Kelly Oubre Jr.,PHI,9,F-G,6-8,203 lbs,Kansas,USA,2026-01-10T14:08:41.523990+00:00,https://www.nba.com/players,8
Chris Paul,LAC,3,G,6-0,175 lbs,Wake Forest,USA,2026-01-10T14:08:41.523990+00:00,https://www.nba.com/players,8
Gary Payton II,GSW,0,G,6-2,195 lbs,Oregon State,USA,2026-01-10T14:08:41.523990+00:00,https://www.nba.com/players,8
Micah Peavy,NOP,14,G-F,6-7,215 lbs,Georgetown,USA,2026-01-10T14:08:41.523990+00:00,https://www.nba.com/players,8
Noah Penda,ORL,93,G-F,6-7,215 lbs,-,France,2026-01-10T14:08:41.523990+00:00,https://www.nba.com/players,8
Taelon Peter,IND,4,G,6-3,185 lbs,Liberty,USA,2026-01-10T14:08:41.523990+00:00,https://www.nba.com/players,8
Drew Peterson,,,F,6-8,205 lbs,USC,USA,2026-01-10T14:08:41.523990+00:00,https://www.nba.com/players,8
Julian Phillips,CHI,15,F,6-6,198 lbs,Tennessee,USA,2026-01-10T14:08:41.523990+00:00,https://www.nba.com/players,8
Jalen Pickett,DEN,24,G,6-2,202 lbs,Penn State,USA,2026-01-10T14:08:41.523990+00:00,https://www.nba.com/players,8
Scotty Pippen Jr.,MEM,1,G,6-2,170 lbs,Vanderbilt,USA,2026-01-10T14:08:41.523990+00:00,https://www.nba.com/players,8
Daeqwon Plowden,SAC,29,G-F,6-4,216 lbs,Bowling Green,USA,2026-01-10T14:08:41.523990+00:00,https://www.nba.com/players,8
Mason Plumlee,CHA,22,F-C,7-0,254 lbs,Duke,USA,2026-01-10T14:08:41.523990+00:00,https://www.nba.com/players,8
Brandin Podziemski,GSW,2,G,6-4,205 lbs,Santa Clara,USA,2026-01-10T14:08:41.523990+00:00,https://www.nba.com/players,8
Jakob Poeltl,TOR,19,C,7-0,253 lbs,Utah,Austria,2026-01-10T14:08:41.523990+00:00,https://www.nba.com/players,8
Jordan Poole,NOP,3,G,6-4,194 lbs,Michigan,USA,2026-01-10T14:08:41.523990+00:00,https://www.nba.com/players,8
Craig Porter Jr.,CLE,9,G,6-1,180 lbs,Wichita State,USA,2026-01-10T14:08:41.523990+00:00,https://www.nba.com/players,8
Kevin Porter Jr.,MIL,7,G-F,6-5,203 lbs,Southern California,USA,2026-01-10T14:08:41.523990+00:00,https://www.nba.com/players,8
Michael Porter Jr.,BKN,17,F,6-10,218 lbs,Missouri,USA,2026-01-10T14:08:41.523990+00:00,https://www.nba.com/players,8
Bobby Portis,MIL,9,F,6-9,250 lbs,Arkansas,USA,2026-01-10T14:08:41.523990+00:00,https://www.nba.com/players,8
Kristaps Porziņģis,ATL,8,F-C,7-2,240 lbs,Cajasol Sevilla,Latvia,2026-01-10T14:08:41.523990+00:00,https://www.nba.com/players,8
Quinten Post,GSW,21,C,7-0,238 lbs,Boston College,Netherlands,2026-01-10T14:08:41.523990+00:00,https://www.nba.com/players,8
Micah Potter,IND,11,C,6-9,248 lbs,Wisconsin,USA,2026-01-10T14:08:41.523990+00:00,https://www.nba.com/players,8
Drake Powell,BKN,4,G-F,6-5,195 lbs,North Carolina,USA,2026-01-10T14:08:41.523990+00:00,https://www.nba.com/players,8
Dwight Powell,DAL,7,F-C,6-10,240 lbs,Stanford,Canada,2026-01-10T14:08:41.523990+00:00,https://www.nba.com/players,8
Norman Powell,MIA,24,G,6-3,215 lbs,UCLA,USA,2026-01-10T14:08:41.523990+00:00,https://www.nba.com/players,8
Taurean Prince,MIL,12,F,6-6,218 lbs,Baylor,USA,2026-01-10T14:08:41.523990+00:00,https://www.nba.com/players,8
Payton Pritchard,BOS,11,G,6-1,195 lbs,Oregon,USA,2026-01-10T14:08:41.523990+00:00,https://www.nba.com/players,8
Tyrese Proctor,CLE,24,G,6-4,185 lbs,Duke,Australia,2026-01-10T14:08:41.523990+00:00,https://www.nba.com/players,8
Olivier-Maxence Prosper,MEM,18,F,6-7,230 lbs,Marquette,Canada,2026-01-10T14:08:41.523990+00:00,https://www.nba.com/players,8
Derik Queen,NOP,22,C,6-9,250 lbs,Maryland,USA,2026-01-10T14:08:41.523990+00:00,https://www.nba.com/players,8
Neemias Queta,BOS,88,C,7-0,248 lbs,Utah State,Portugal,2026-01-10T14:08:41.523990+00:00,https://www.nba.com/players,8
Immanuel Quickley,TOR,5,G,6-2,190 lbs,Kentucky,USA,2026-01-10T14:08:41.523990+00:00,https://www.nba.com/players,8
Julius Randle,MIN,30,F-C,6-9,250 lbs,Kentucky,USA,2026-01-10T14:08:41.523990+00:00,https://www.nba.com/players,8
Maxime Raynaud,SAC,42,C,7-1,250 lbs,Stanford,France,2026-01-10T14:08:41.523990+00:00,https://www.nba.com/players,8
Duop Reath,POR,26,C,6-9,245 lbs,Louisiana State,South Sudan,2026-01-10T14:08:41.523990+00:00,https://www.nba.com/players,8
Austin Reaves,LAL,15,G,6-5,197 lbs,Oklahoma,USA,2026-01-10T14:08:41.523990+00:00,https://www.nba.com/players,8
Paul Reed,DET,7,F,6-9,210 lbs,DePaul,USA,2026-01-10T14:08:41.523990+00:00,https://www.nba.com/players,8
Antonio Reeves,CHA,12,G,6-5,205 lbs,Kentucky,USA,2026-01-10T14:08:43.784568+00:00,https://www.nba.com/players,9
Naz Reid,MIN,11,C-F,6-9,264 lbs,Louisiana State,USA,2026-01-10T14:08:43.784568+00:00,https://www.nba.com/players,9
Will Richard,GSW,3,G,6-3,206 lbs,Florida,USA,2026-01-10T14:08:43.784568+00:00,https://www.nba.com/players,9
Nick Richards,PHX,2,C,6-11,245 lbs,Kentucky,Jamaica,2026-01-10T14:08:43.784568+00:00,https://www.nba.com/players,9
Jase Richardson,ORL,11,G,6-1,180 lbs,Michigan State,USA,2026-01-10T14:08:43.784568+00:00,https://www.nba.com/players,9
Will Riley,WAS,27,F,6-9,180 lbs,Illinois-Urbana-Champaign,USA,2026-01-10T14:08:43.784568+00:00,https://www.nba.com/players,9
Zaccharie Risacher,ATL,10,F,6-8,200 lbs,JL Bourg-en-Bresse,France,2026-01-10T14:08:43.784568+00:00,https://www.nba.com/players,9
Duncan Robinson,DET,55,F,6-7,215 lbs,Michigan,USA,2026-01-10T14:08:43.784568+00:00,https://www.nba.com/players,9
Mitchell Robinson,NYK,23,C-F,7-0,240 lbs,Western Kentucky,USA,2026-01-10T14:08:43.784568+00:00,https://www.nba.com/players,9
Orlando Robinson,ORL,7,C,6-10,235 lbs,Fresno State,USA,2026-01-10T14:08:43.784568+00:00,https://www.nba.com/players,9
Jeremiah Robinson-Earl,,,F,6-9,240 lbs,Villanova,USA,2026-01-10T14:08:43.784568+00:00,https://www.nba.com/players,9
Ryan Rollins,MIL,13,G,6-3,180 lbs,Toledo,USA,2026-01-10T14:08:43.784568+00:00,https://www.nba.com/players,9
Terry Rozier,MIA,2,G,6-1,190 lbs,Louisville,USA,2026-01-10T14:08:43.784568+00:00,https://www.nba.com/players,9
Rayan Rupert,POR,21,G-F,6-7,205 lbs,New Zealand Breakers,France,2026-01-10T14:08:43.786160+00:00,https://www.nba.com/players,9
D'Angelo Russell,DAL,5,G,6-3,193 lbs,Ohio State,USA,2026-01-10T14:08:43.786160+00:00,https://www.nba.com/players,9
Domantas Sabonis,SAC,11,F-C,6-10,240 lbs,Gonzaga,Lithuania,2026-01-10T14:08:43.786160+00:00,https://www.nba.com/players,9
Tidjane Salaün,CHA,31,F,6-10,207 lbs,Cholet,France,2026-01-10T14:08:43.786160+00:00,https://www.nba.com/players,9
Hunter Sallis,,,G,6-4,185 lbs,Wake Forest,USA,2026-01-10T14:08:43.786160+00:00,https://www.nba.com/players,9
Kobe Sanders,LAC,4,G,6-8,207 lbs,Nevada,USA,2026-01-10T14:08:43.786160+00:00,https://www.nba.com/players,9
Gui Santos,GSW,15,F,6-7,185 lbs,Minas,Brazil,2026-01-10T14:08:43.786160+00:00,https://www.nba.com/players,9
Ben Saraf,BKN,77,G,6-6,200 lbs,Ratiopharm Ulm,Israel,2026-01-10T14:08:43.786160+00:00,https://www.nba.com/players,9
Dario Šarić,SAC,20,F-C,6-10,225 lbs,Anadolu Efes,Croatia,2026-01-10T14:08:43.786160+00:00,https://www.nba.com/players,9
Alex Sarr,WAS,20,C,7-0,205 lbs,Washington Wizards,France,2026-01-10T14:08:43.786160+00:00,https://www.nba.com/players,9
Marcus Sasser,DET,25,G,6-1,195 lbs,Houston,USA,2026-01-10T14:08:43.786160+00:00,https://www.nba.com/players,9
Baylor Scheierman,BOS,55,G,6-6,205 lbs,Creighton,USA,2026-01-10T14:08:43.786160+00:00,https://www.nba.com/players,9
Dennis Schröder,SAC,17,G,6-1,175 lbs,Braunschweig,Germany,2026-01-10T14:08:43.786160+00:00,https://www.nba.com/players,9
Mark Sears,,,G,6-0,185 lbs,Alabama,USA,2026-01-10T14:08:43.786160+00:00,https://www.nba.com/players,9
Alperen Sengun,HOU,28,C,6-11,243 lbs,Besiktas,Turkey,2026-01-10T14:08:43.786160+00:00,https://www.nba.com/players,9
Brice Sensabaugh,UTA,28,F,6-6,235 lbs,Ohio State,USA,2026-01-10T14:08:43.786160+00:00,https://www.nba.com/players,9
Collin Sexton,CHA,8,G,6-3,190 lbs,Alabama,USA,2026-01-10T14:08:43.786160+00:00,https://www.nba.com/players,9
Landry Shamet,NYK,44,G,6-5,190 lbs,Wichita State,USA,2026-01-10T14:08:43.786160+00:00,https://www.nba.com/players,9
Terrence Shannon Jr.,MIN,1,G-F,6-6,215 lbs,Illinois,USA,2026-01-10T14:08:43.786160+00:00,https://www.nba.com/players,9
Day'Ron Sharpe,BKN,20,C,6-10,265 lbs,North Carolina,USA,2026-01-10T14:08:43.786160+00:00,https://www.nba.com/players,9
Shaedon Sharpe,POR,17,G,6-5,210 lbs,Kentucky,Canada,2026-01-10T14:08:43.786160+00:00,https://www.nba.com/players,9
Jamal Shead,TOR,23,G,6-1,200 lbs,Houston,USA,2026-01-10T14:08:43.786160+00:00,https://www.nba.com/players,9
Ben Sheppard,IND,26,G,6-6,190 lbs,Belmont,USA,2026-01-10T14:08:43.786160+00:00,https://www.nba.com/players,9
Reed Sheppard,HOU,15,G,6-2,185 lbs,Kentucky,USA,2026-01-10T14:08:43.786160+00:00,https://www.nba.com/players,9
Max Shulga,BOS,44,G,6-4,210 lbs,Virginia Commonwealth,Ukraine,2026-01-10T14:08:43.786160+00:00,https://www.nba.com/players,9
Pascal Siakam,IND,43,F,6-8,245 lbs,New Mexico State,Cameroon,2026-01-10T14:08:43.786160+00:00,https://www.nba.com/players,9
Anfernee Simons,BOS,4,G,6-3,200 lbs,Edgewater HS (FL),USA,2026-01-10T14:08:43.786160+00:00,https://www.nba.com/players,9
KJ Simpson,CHA,25,G,6-2,189 lbs,Colorado,USA,2026-01-10T14:08:43.786160+00:00,https://www.nba.com/players,9
Jericho Sims,MIL,00,C,6-10,250 lbs,Texas,USA,2026-01-10T14:08:43.786160+00:00,https://www.nba.com/players,9
Javon Small,MEM,10,G,6-1,190 lbs,West Virginia,USA,2026-01-10T14:08:43.786160+00:00,https://www.nba.com/players,9
Marcus Smart,LAL,36,G,6-3,220 lbs,Oklahoma State,USA,2026-01-10T14:08:43.786160+00:00,https://www.nba.com/players,9
Dru Smith,MIA,12,G,6-2,203 lbs,Missouri,USA,2026-01-10T14:08:43.786160+00:00,https://www.nba.com/players,9
Jalen Smith,CHI,25,F-C,6-8,215 lbs,Maryland,USA,2026-01-10T14:08:43.786160+00:00,https://www.nba.com/players,9
Tolu Smith,DET,35,F,6-11,,Mississippi State,USA,2026-01-10T14:08:43.786160+00:00,https://www.nba.com/players,9
Jabari Smith Jr.,HOU,10,F,6-11,220 lbs,Auburn,USA,2026-01-10T14:08:43.786160+00:00,https://www.nba.com/players,9
Nick Smith Jr.,LAL,20,G,6-2,185 lbs,Arkansas,USA,2026-01-10T14:08:43.786160+00:00,https://www.nba.com/players,9
Jeremy Sochan,SAS,10,F,6-8,230 lbs,Baylor,Poland,2026-01-10T14:08:43.786160+00:00,https://www.nba.com/players,9
Thomas Sorber,OKC,12,C,6-9,250 lbs,Georgetown,USA,2026-01-10T14:08:46.059342+00:00,https://www.nba.com/players,10
Cam Spencer,MEM,24,G,6-3,205 lbs,Connecticut,USA,2026-01-10T14:08:46.059342+00:00,https://www.nba.com/players,10
Pat Spencer,GSW,61,G,6-2,205 lbs,Northwestern,USA,2026-01-10T14:08:46.059342+00:00,https://www.nba.com/players,10
Isaiah Stevens,SAC,24,G,5-11,185 lbs,Colorado State,USA,2026-01-10T14:08:46.059342+00:00,https://www.nba.com/players,10
Isaiah Stewart,DET,28,F-C,6-8,250 lbs,Washington,USA,2026-01-10T14:08:46.059342+00:00,https://www.nba.com/players,10
Julian Strawther,DEN,3,G,6-6,205 lbs,Gonzaga,USA,2026-01-10T14:08:46.059342+00:00,https://www.nba.com/players,10
Max Strus,CLE,1,G-F,6-5,215 lbs,DePaul,USA,2026-01-10T14:08:46.059342+00:00,https://www.nba.com/players,10
Jalen Suggs,ORL,4,G,6-5,205 lbs,Gonzaga,USA,2026-01-10T14:08:46.059342+00:00,https://www.nba.com/players,10
Jae'Sean Tate,HOU,8,F,6-4,230 lbs,Ohio State,USA,2026-01-10T14:08:46.059342+00:00,https://www.nba.com/players,10
Jayson Tatum,BOS,0,F-G,6-8,210 lbs,Duke,USA,2026-01-10T14:08:46.059342+00:00,https://www.nba.com/players,10
Jahmyl Telfort,,,G,6-7,,-,Canada,2026-01-10T14:08:46.059342+00:00,https://www.nba.com/players,10
Garrett Temple,TOR,17,G-F,6-5,195 lbs,Louisiana State,USA,2026-01-10T14:08:46.059342+00:00,https://www.nba.com/players,10
Dalen Terry,CHI,7,F,6-6,195 lbs,Arizona,USA,2026-01-10T14:08:46.059342+00:00,https://www.nba.com/players,10
Adou Thiero,LAL,1,G,6-7,220 lbs,Arkansas,USA,2026-01-10T14:08:46.059342+00:00,https://www.nba.com/players,10
Cam Thomas,BKN,24,G,6-3,210 lbs,Louisiana State,Japan,2026-01-10T14:08:46.059342+00:00,https://www.nba.com/players,10
Amen Thompson,HOU,1,G-F,6-7,200 lbs,Overtime Elite,USA,2026-01-10T14:08:46.059342+00:00,https://www.nba.com/players,10
Ausar Thompson,DET,9,G-F,6-7,205 lbs,Overtime Elite,USA,2026-01-10T14:08:46.059342+00:00,https://www.nba.com/players,10
Ethan Thompson,IND,55,G,6-4,195 lbs,Oregon State,Puerto Rico,2026-01-10T14:08:46.059342+00:00,https://www.nba.com/players,10
Klay Thompson,DAL,31,G,6-5,220 lbs,Washington State,USA,2026-01-10T14:08:46.059342+00:00,https://www.nba.com/players,10
Matisse Thybulle,POR,4,G-F,6-5,202 lbs,Washington,USA,2026-01-10T14:08:46.059342+00:00,https://www.nba.com/players,10
Xavier Tillman,BOS,26,F,6-8,245 lbs,Michigan State,USA,2026-01-10T14:08:46.059342+00:00,https://www.nba.com/players,10
Drew Timme,LAL,26,F,6-9,235 lbs,Gonzaga,USA,2026-01-10T14:08:46.059342+00:00,https://www.nba.com/players,10
Nae'Qwan Tomlin,CLE,35,F,6-8,210 lbs,Memphis,USA,2026-01-10T14:08:46.059342+00:00,https://www.nba.com/players,10
John Tonje,UTA,17,G,6-4,218 lbs,Wisconsin,USA,2026-01-10T14:08:46.059342+00:00,https://www.nba.com/players,10
Nikola Topić,OKC,44,G,6-6,200 lbs,Crvena zvezda,Serbia,2026-01-10T14:08:46.059342+00:00,https://www.nba.com/players,10
Jacob Toppin,,,F,6-9,200 lbs,Kentucky,USA,2026-01-10T14:08:46.059342+00:00,https://www.nba.com/players,10
Obi Toppin,IND,1,F,6-9,220 lbs,Dayton,USA,2026-01-10T14:08:46.059342+00:00,https://www.nba.com/players,10
Karl-Anthony Towns,NYK,32,C-F,7-0,248 lbs,Kentucky,USA,2026-01-10T14:08:46.059342+00:00,https://www.nba.com/players,10
Nolan Traore,BKN,88,G,6-3,185 lbs,Saint-Quentin,France,2026-01-10T14:08:46.059342+00:00,https://www.nba.com/players,10
Luke Travers,CLE,33,F,6-6,207 lbs,Rockingham Flames (Aus.),Australia,2026-01-10T14:08:46.059342+00:00,https://www.nba.com/players,10
Gary Trent Jr.,MIL,5,G,6-5,204 lbs,Duke,USA,2026-01-10T14:08:46.059342+00:00,https://www.nba.com/players,10
Oscar Tshiebwe,UTA,34,F-C,6-8,255 lbs,Kentucky,DRC,2026-01-10T14:08:46.059342+00:00,https://www.nba.com/players,10
Myles Turner,MIL,3,C-F,6-11,250 lbs,Texas,USA,2026-01-10T14:08:46.059342+00:00,https://www.nba.com/players,10
Hunter Tyson,DEN,5,F,6-8,215 lbs,Clemson,USA,2026-01-10T14:08:46.059342+00:00,https://www.nba.com/players,10
Jaylon Tyson,CLE,20,G-F,6-6,215 lbs,California,USA,2026-01-10T14:08:46.059342+00:00,https://www.nba.com/players,10
Stanley Umude,SAS,17,G,6-6,210 lbs,Arkansas,USA,2026-01-10T14:08:46.059342+00:00,https://www.nba.com/players,10
Jonas Valančiūnas,DEN,17,C,6-11,265 lbs,Lietuvos rytas Vilnius,Lithuania,2026-01-10T14:08:46.059342+00:00,https://www.nba.com/players,10
Jarred Vanderbilt,LAL,2,F,6-8,214 lbs,Kentucky,USA,2026-01-10T14:08:46.059342+00:00,https://www.nba.com/players,10
Fred VanVleet,HOU,5,G,6-0,197 lbs,Wichita State,USA,2026-01-10T14:08:46.059342+00:00,https://www.nba.com/players,10
Devin Vassell,SAS,24,G-F,6-5,200 lbs,Florida State,USA,2026-01-10T14:08:46.059342+00:00,https://www.nba.com/players,10
Gabe Vincent,LAL,7,G,6-2,200 lbs,California-Santa Barbara,USA,2026-01-10T14:08:46.061368+00:00,https://www.nba.com/players,10
Nikola Vučević,CHI,9,C,6-9,260 lbs,Southern California,Montenegro,2026-01-10T14:08:46.061368+00:00,https://www.nba.com/players,10
Tristan Vukcevic,WAS,00,F,7-0,220 lbs,Real Madrid,Italy,2026-01-10T14:08:46.061368+00:00,https://www.nba.com/players,10
Dean Wade,CLE,32,F-C,6-9,228 lbs,Kansas State,USA,2026-01-10T14:08:46.061368+00:00,https://www.nba.com/players,10
Franz Wagner,ORL,22,F,6-10,220 lbs,Michigan,Germany,2026-01-10T14:08:46.061368+00:00,https://www.nba.com/players,10
Moritz Wagner,ORL,21,F-C,6-11,245 lbs,Michigan,Germany,2026-01-10T14:08:46.061368+00:00,https://www.nba.com/players,10
Jabari Walker,PHI,33,F,6-7,237 lbs,Colorado,USA,2026-01-10T14:08:46.061368+00:00,https://www.nba.com/players,10
Jarace Walker,IND,5,F,6-7,235 lbs,Houston,USA,2026-01-10T14:08:46.061368+00:00,https://www.nba.com/players,10
Cason Wallace,OKC,22,G,6-3,195 lbs,Kentucky,USA,2026-01-10T14:08:46.061368+00:00,https://www.nba.com/players,10
Keaton Wallace,ATL,2,G,6-3,185 lbs,Texas-San Antonio,USA,2026-01-10T14:08:46.061368+00:00,https://www.nba.com/players,10
Jordan Walsh,BOS,27,G,6-6,205 lbs,Arkansas,USA,2026-01-10T14:08:48.293479+00:00,https://www.nba.com/players,11
Ja'Kobe Walter,TOR,14,G,6-4,180 lbs,Baylor,USA,2026-01-10T14:08:48.293479+00:00,https://www.nba.com/players,11
Kel'el Ware,MIA,7,C,7-0,230 lbs,Indiana,USA,2026-01-10T14:08:48.293479+00:00,https://www.nba.com/players,11
P.J. Washington,DAL,25,F,6-7,230 lbs,Kentucky,USA,2026-01-10T14:08:48.293479+00:00,https://www.nba.com/players,11
TyTy Washington Jr.,LAC,14,G,6-3,195 lbs,Kentucky,USA,2026-01-10T14:08:48.293479+00:00,https://www.nba.com/players,11
Lindy Waters III,SAS,43,F,6-5,210 lbs,Oklahoma State,USA,2026-01-10T14:08:48.293479+00:00,https://www.nba.com/players,11
Trendon Watford,PHI,12,G-F,6-8,237 lbs,Louisiana State,USA,2026-01-10T14:08:48.293479+00:00,https://www.nba.com/players,11
Jamir Watkins,WAS,5,F,6-6,210 lbs,Florida State,USA,2026-01-10T14:08:48.293479+00:00,https://www.nba.com/players,11
Peyton Watson,DEN,8,G,6-8,200 lbs,UCLA,USA,2026-01-10T14:08:48.293479+00:00,https://www.nba.com/players,11
Jaylen Wells,MEM,0,F,6-7,,Washington State,USA,2026-01-10T14:08:48.293479+00:00,https://www.nba.com/players,11
Victor Wembanyama,SAS,1,F-C,7-4,235 lbs,Metropolitans 92,France,2026-01-10T14:08:48.293479+00:00,https://www.nba.com/players,11
Blake Wesley,POR,1,G,6-4,190 lbs,Notre Dame,USA,2026-01-10T14:08:48.293479+00:00,https://www.nba.com/players,11
Russell Westbrook,SAC,18,G,6-4,200 lbs,UCLA,USA,2026-01-10T14:08:48.293479+00:00,https://www.nba.com/players,11
Coby White,CHI,0,G,6-4,195 lbs,North Carolina,USA,2026-01-10T14:08:48.293479+00:00,https://www.nba.com/players,11
Derrick White,BOS,9,G,6-4,190 lbs,Colorado,USA,2026-01-10T14:08:48.293479+00:00,https://www.nba.com/players,11
Cam Whitmore,WAS,1,F,6-6,230 lbs,Villanova,USA,2026-01-10T14:08:48.293479+00:00,https://www.nba.com/players,11
Aaron Wiggins,OKC,21,G,6-5,190 lbs,Maryland,USA,2026-01-10T14:08:48.293479+00:00,https://www.nba.com/players,11
Andrew Wiggins,MIA,22,F,6-6,197 lbs,Kansas,Canada,2026-01-10T14:08:48.293479+00:00,https://www.nba.com/players,11
Amari Williams,BOS,77,F-C,6-11,250 lbs,Kentucky,United Kingdom,2026-01-10T14:08:48.293479+00:00,https://www.nba.com/players,11
Brandon Williams,DAL,10,G,6-1,190 lbs,Arizona,USA,2026-01-10T14:08:48.293479+00:00,https://www.nba.com/players,11
Cody Williams,UTA,5,F,6-8,190 lbs,Colorado,USA,2026-01-10T14:08:48.293479+00:00,https://www.nba.com/players,11
Grant Williams,CHA,2,F,6-7,236 lbs,Tennessee,USA,2026-01-10T14:08:48.293479+00:00,https://www.nba.com/players,11
Jalen Williams,OKC,8,G-F,6-5,211 lbs,Santa Clara,USA,2026-01-10T14:08:48.293479+00:00,https://www.nba.com/players,11
Jaylin Williams,OKC,6,F,6-9,240 lbs,Arkansas,USA,2026-01-10T14:08:48.293479+00:00,https://www.nba.com/players,11
Kenrich Williams,OKC,34,G-F,6-7,210 lbs,TCU,USA,2026-01-10T14:08:48.293479+00:00,https://www.nba.com/players,11
Mark Williams,PHX,15,C,7-1,240 lbs,Duke,USA,2026-01-10T14:08:48.293479+00:00,https://www.nba.com/players,11
Patrick Williams,CHI,44,F,6-6,215 lbs,Florida State,USA,2026-01-10T14:08:48.293479+00:00,https://www.nba.com/players,11
Ziaire Williams,BKN,1,F,6-9,185 lbs,Stanford,USA,2026-01-10T14:08:48.293479+00:00,https://www.nba.com/players,11
Robert Williams III,POR,35,C-F,6-9,249 lbs,Texas A&M,USA,2026-01-10T14:08:48.293479+00:00,https://www.nba.com/players,11
Vince Williams Jr.,MEM,5,G,6-4,205 lbs,Virginia Commonwealth,USA,2026-01-10T14:08:48.293479+00:00,https://www.nba.com/players,11
Zion Williamson,NOP,1,F,6-6,284 lbs,Duke,USA,2026-01-10T14:08:48.293479+00:00,https://www.nba.com/players,11
Jalen Wilson,BKN,22,F,6-6,220 lbs,Kansas,USA,2026-01-10T14:08:48.293479+00:00,https://www.nba.com/players,11
James Wiseman,,,C,6-11,240 lbs,Memphis,USA,2026-01-10T14:08:48.293479+00:00,https://www.nba.com/players,11
Danny Wolf,BKN,2,F,6-11,250 lbs,Michigan,USA,2026-01-10T14:08:48.293479+00:00,https://www.nba.com/players,11
Guerschon Yabusele,NYK,28,F,6-7,265 lbs,"Rouen, France",France,2026-01-10T14:08:48.293479+00:00,https://www.nba.com/players,11
Yang Hansen,POR,16,C,7-1,270 lbs,-,China,2026-01-10T14:08:48.293479+00:00,https://www.nba.com/players,11
Jahmir Young,MIA,17,G,6-0,185 lbs,Maryland,USA,2026-01-10T14:08:48.293479+00:00,https://www.nba.com/players,11
Trae Young,WAS,3,G,6-2,164 lbs,Oklahoma,USA,2026-01-10T14:08:48.293479+00:00,https://www.nba.com/players,11
Chris Youngblood,OKC,3,G,6-4,,Alabama,USA,2026-01-10T14:08:48.293479+00:00,https://www.nba.com/players,11
Rocco Zikarsky,MIN,44,C,7-3,227 lbs,-,Australia,2026-01-10T14:08:48.293479+00:00,https://www.nba.com/players,11
Ivica Zubac,LAC,40,C,7-0,240 lbs,Mega Basket,Croatia,2026-01-10T14:08:48.293479+00:00,https://www.nba.com/players,11
